street_id,name,description,category,food_keywords,sido,sigungu,road_addr,jibun_addr,lat,lon,coord_source,length_m,length_source,shop_count,designated_year,org_name,org_tel,data_date
ST001,송정떡갈비거리,광주송정역 인근 떡갈비 전문점 밀집 거리,음식,떡갈비;송정떡갈비,광주,광산구,광주광역시 광산구 광산로29번길(송정동) 일원,,35.1396182,126.7943822,위치검증:A,0,없음,0,,광주관광/광산구청,,2026-06-18
ST002,무등산보리밥거리,무등산 옛길 인근 보리밥 전문점 밀집 거리,음식,보리밥;보리밥정식,광주,동구,광주광역시 동구 지산동 691-67 인근,,35.1492465,126.9447994,위치검증:A,0,없음,0,,광주관광/동구청,,2026-06-18
ST003,유동오리탕거리(오리요리의거리),광주 명물음식 오리탕 전문업소가 밀집된 대표거리,음식,오리탕;오리요리,광주,북구,광주광역시 북구 경양로87번길 8-5,,35.16126499,126.9056156,위치검증:A+,0,없음,12.0,2003.0,광주광역시 북구청,,2026-06-18
ST004,병영 돼지불고기거리,강진 병영면 돼지불고기 특화 음식거리,음식,돼지불고기;병영돼지불고기,전남,강진군,전라남도 강진군 병영면 삼인리 316-1 부근,,34.7138,126.8164,위치검증:A,0,없음,0,,전라남도,,2026-06-18
ST005,나로도삼치거리,나로도 일대 삼치 전문 음식거리,음식,삼치;삼치회;삼치구이,전남,고흥군,전라남도 고흥군 봉래면 나로도항 부근,,34.464867,127.4536834,위치검증:A,0,없음,0,,고흥군청,,2026-06-18
ST006,녹동장어거리,녹동구항 음식거리 일부를 유럽풍의 옥외음식 영업가능 거리로 조성,음식,장어;장어구이;장어탕;붕장어;갯장어,전남,고흥군,전라남도 고흥군 도양읍 비봉로 177,,34.5256702381,127.1357485953,위치검증:A,0,없음,12.0,2017.0,고흥군청,,2026-06-18
ST007,압록 참게·은어거리,섬진강 압록 일대 참게·은어 전문 음식거리,음식,참게;참게매운탕;은어;은어회,전남,곡성군,전라남도 곡성군 오곡면 압록리 섬진강 부근,,35.1964348,127.3735115,위치검증:A+,0,없음,0,,곡성군/전라남도,,2026-06-18
ST008,광양불고기 특화거리,광양숯불구이 축제가 열리는 서천변 일대 특화거리,음식,광양불고기;불고기,전남,광양시,전라남도 광양시 서천1길,,34.96947056,127.579099,위치검증:A,0,없음,48.0,2011.0,전라남도 광양시청,,2026-06-18
ST009,화엄 자연밥상 음식거리,화엄사 입구 지리산 식재료 기반 자연밥상 음식거리,음식,산채정식;버섯전골,전남,구례군,전라남도 구례군 마산면 화엄사 상가 부근,,35.2428937,127.4876202,위치검증:A+,0,없음,16.0,2025.0,전라남도,,2026-06-18
ST010,구진포 장어거리,나주 3대 맛거리 중 장어 특화거리,음식,장어;장어구이;장어요리,전남,나주시,전라남도 나주시 다시면 구진포로 58 부근,,35.0064691,126.6723063,위치검증:A+,0,없음,0,,나주시 문화관광,,2026-06-18
ST011,나주곰탕거리,나주 3대 맛거리 중 곰탕 특화거리,음식,나주곰탕;곰탕,전남,나주시,전라남도 나주시 금성관길 8 일원,,35.033273,126.7166164,위치검증:A,0,없음,0,,나주시 문화관광,,2026-06-18
ST012,영산포 홍어거리,나주 3대 맛거리 및 남도음식거리,음식,홍어;숙성홍어;홍어삼합,전남,나주시,전라남도 나주시 영산포로 205-7 일원,,34.9997155,126.7102035,위치검증:A+,0,없음,0,2023.0,나주시/전라남도,,2026-06-18
ST013,담양 국수거리,관방제림 인근 국수 전문점 밀집 거리,음식,국수;멸치국수;비빔국수,전남,담양군,전라남도 담양군 담양읍 객사리 부근,,35.3235969,126.9833537,위치검증:B+,0,없음,0,,담양군 문화관광,,2026-06-18
ST014,죽순푸드빌리지,담양 죽순을 주제로 한 먹거리 권역,음식,죽순;죽순요리,전남,담양군,전라남도 담양군 담양읍 향교길 부근,,35.325,126.9878,위치검증:A,0,없음,0,,담양군 문화관광,,2026-06-18
ST015,창평국밥거리,창평 지역 국밥 전문 음식거리,음식,국밥;창평국밥,전남,담양군,전라남도 담양군 창평면 사동길 12-12 일원,,35.2385168,127.0144031,위치검증:A+,0,없음,0,,전라남도/담양군,,2026-06-18
ST016,민어의 거리,목포 중앙동 민어 전문점 밀집 거리,음식,민어;민어회;민어요리,전남,목포시,전라남도 목포시 대의동2가 3-16 부근,,34.7862652,126.3842897,위치검증:A-,0,없음,0,,목포시 문화관광,,2026-06-18
ST017,무안뻘낙지거리,"무안 세발낙지는 갯벌과 황토가 어우러진 환경에서 자라 영양도 좋고 육질이 쫄깃하고 맛이 깊습니다. 무안뻘낙지거리에는 다양한 낙지 요리 전문점이 모여 있어, 낙지탕탕이, 낙지비빔밥, 낙지볶음, 낙지연포탕 등 다채로운 낙지 요리를 맛볼 수 있습니다. 싱싱한 낙지의 풍미를 제대로 느낄 수 있는 곳, 남도의 깊은 맛을 경험하고 싶다면 무안뻘낙지거리로 오세요.",음식,낙지;세발낙지;낙지탕탕이;낙지비빔밥;낙지볶음;낙지연포탕,전남,무안군,전라남도 무안군 무안읍 뻘낙지길·성남1길 일원,,34.98731526,126.4771641,위치검증:A+,0,없음,20.0,2018.0,무안군보건소,,2026-06-18
ST018,벌교 꼬막거리,벌교 꼬막을 대표 메뉴로 한 남도음식거리,음식,꼬막;꼬막정식;꼬막요리,전남,보성군,전라남도 보성군 벌교읍 부근,,34.85167,127.3362,위치검증:A-,0,없음,0,,전라남도,,2026-06-18
ST019,순천 곱창골목,순천 지역 곱창 전문 음식골목,음식,곱창;곱창구이,전남,순천시,전라남도 순천시 남내동 69 부근,,34.9538033,127.4846299,위치검증:A+,0,없음,0,,순천시,,2026-06-18
ST020,순천 웃장국밥거리,웃장 일대 국밥 전문 음식거리,음식,국밥;돼지국밥;수육,전남,순천시,전라남도 순천시 동외동 웃장 일원,,34.9588493,127.4851874,위치검증:A,0,없음,0,,순천시/전라남도,,2026-06-18
ST021,청소골닭구이거리,청소골 닭구이 음식점 밀집 거리,음식,닭구이,전남,순천시,전라남도 순천시 서면 청소골 계곡 부근,,35.0205,127.5075,위치검증:A-,0,없음,0,,순천시,,2026-06-18
ST022,신안 섬뻘낙지 남도음식거리,신안 섬 갯벌 낙지 특화 음식거리,음식,낙지;갯벌낙지;섬뻘낙지,전남,신안군,전라남도 신안군 압해읍 송공항 부근,,34.85,126.2333,위치검증:A+,0,없음,0,,전라남도,,2026-06-18
ST023,국동 장어탕 횟집거리,장어탕 횟집 특화음식,음식,장어탕;장어,전남,여수시,전라남도 여수시 어항단지로 13,,34.725235,127.7128137,위치검증:A,0,없음,8.0,2009.0,전라남도 여수시청,,2026-06-18
ST024,덕양 곱창거리,곱창 막창구이 특화음식,음식,곱창;막창;곱창구이;막창구이,전남,여수시,전라남도 여수시 소라면 하세동길 8-1,,34.7978101813,127.6316832973,위치검증:A,0,없음,14.0,2020.0,전라남도 여수시청,,2026-06-18
ST025,봉산동 게장백반거리,간장게장 양념게장 특화음식,음식,게장백반;간장게장;양념게장;게장,전남,여수시,전라남도 여수시 봉산남4길 12,,34.732763,127.7199388863,위치검증:A,0,없음,11.0,2009.0,전라남도 여수시청,,2026-06-18
ST026,좌수영 음식문화거리,장어탕 서대회 특화음식,음식,서대회;장어탕,전남,여수시,전라남도 여수시 중앙로 72-16,,34.739714,127.735486,위치검증:A,0,없음,35.0,2020.0,전라남도 여수시청,,2026-06-18
ST027,해양공원 해물삼합거리,해물삼합 특화음식,음식,해물삼합,전남,여수시,전라남도 여수시 이순신광장로 137,,34.737881,127.7390644727,위치검증:A,0,없음,61.0,2020.0,전라남도 여수시청,,2026-06-18
ST028,영광 법성포 굴비거리,굴비 식당과 판매점이 있는 거리,음식,굴비;영광굴비;법성포굴비,전남,영광군,전라남도 영광군 법성면 굴비로,,35.359484,126.445767,위치검증:A,0,없음,352.0,2021.0,전라남도 영광군청,,2026-06-18
ST029,기품 독천낙지거리,독천5일시장 인근 낙지·한우 음식거리,음식,낙지;갈낙탕;낙지초무침,전남,영암군,전라남도 영암군 학산면 독천5일시장 부근,,34.72469,126.5674,위치검증:A+,0,없음,0,2025.0,전라남도,,2026-06-18
ST030,완도전복거리,완도를 대표하는 음식점이 모여있는 거리로 주로 생선회 및 전복요리를 판매하고 있으며 완도를 찾은 관광객이 가장 많이 방문하는 음식특화거리임,음식,전복;전복요리;전복코스요리,전남,완도군,전라남도 완도군 완도읍 해변공원로 124번길,,34.324519,126.748446,위치검증:A,0,없음,25.0,2003.0,완도군 문화관광,,2026-06-18
ST031,장성호 미락단지,"장성호 하류의 미락단지는 조선시대부터 민물고기 전문요리가 이어져 왔으며 메기탕, 메기찜, 빠가탕 등이 유명하다",음식,메기탕;메기찜;빠가탕;민물고기,전남,장성군,전라남도 장성군 장성읍 미락단지길,,35.343484,126.816809,위치검증:A,0,없음,13.0,2000.0,전라남도 장성군청,,2026-06-18
ST032,장흥 바지락·키조개 음식거리,장흥 키조개·바지락 중심 음식거리,음식,키조개;바지락;한우삼합,전남,장흥군,전라남도 장흥군 안양면 수문리 수문해수욕장 부근,,34.6505,127.0355,위치검증:A+,0,없음,0,,전라남도,,2026-06-18
ST033,정남진 장흥토요시장 한우특화거리,정남진 장흥토요시장 내 한우 판매·식당 특화구역,음식,한우;장흥한우;한우삼합,전남,장흥군,전라남도 장흥군 장흥읍 토요시장3길 15 부근,,34.6761943,126.9029044,위치검증:A+,0,없음,17.0,,장흥군청,,2026-06-18
ST034,진도서촌 간재미거리,진도읍 쌍정2길·남동1길 일원 간재미 음식거리,음식,간재미;간재미회;간재미무침;간재미매운탕;간재미찜,전남,진도군,전라남도 진도군 진도읍 남동1길 및 쌍정2길 부근,,34.4817848,126.261161,위치검증:A+,0,없음,0,2024.0,진도군/전라남도,,2026-06-18
ST035,함평천지 한우비빔밥 음식테마거리,1900년 초부터 함평 우시장을 중심으로 발달해 온 한우비빔밥을 주메뉴로 한 식당이 밀집되어 있는 거리,음식,한우비빔밥;비빔밥,전남,함평군,전라남도 함평군 함평읍 시장길 부근,,35.0644445,126.5206629,위치검증:A,0,없음,14.0,2014.0,전라남도 함평군청,,2026-06-18
ST036,해남 닭코스요리 남도음식거리,해남 닭 한 마리를 코스로 즐기는 음식거리,음식,닭코스요리;닭회;닭구이;닭백숙,전남,해남군,전라남도 해남군 해남읍 연동리~삼산면 매정리 닭코스요리거리 부근,,34.5498083,126.6175326,위치검증:A+,0,없음,0,,해남군/전라남도,,2026-06-18
