광역,시군구,거리명,추천입력_대표음식,매칭키워드,유형,거리소개,주소,위도,경도,점포수,지정연도,운영상태,데이터구분,출처기관,출처URL,원출처,신뢰도,검증메모,매칭기준,추천활용,위치범위,위치유형,위치검증출처,위치검증등급,위치검증메모
광주,광산구,송정떡갈비거리,떡갈비,"떡갈비,송정떡갈비",음식거리,광주송정역 인근 떡갈비 전문점 밀집 거리,광주광역시 광산구 광산로29번길(송정동) 일원,35.1396182,126.7943822,,,운영,신규,광주관광/광산구청,https://tour.gwangju.go.kr/home/tour/mytour/open.cs?act=view&courseId=64&m=300&pageIndex=51&searchCondition=&searchKeyword=,웹 검증,A,광주관광이 음식의 거리로 명시. 약 200m·10여 전문점 안내.,특정 음식 직접 매칭 가능,Y,광산로29번길 일원,대표 권역 포인트,https://tour.gwangju.go.kr/home/tour/mytour/open.cs?act=view&courseId=190&m=300&pageIndex=40&searchCondition=&searchKeyword=,A,대표부근 표시용 좌표: 공식 위치 확인 + 대표부근 좌표
광주,동구,무등산보리밥거리,보리밥,"보리밥,보리밥정식",음식거리,무등산 옛길 인근 보리밥 전문점 밀집 거리,광주광역시 동구 지산동 691-67 인근,35.1492465,126.9447994,,,운영,신규,광주관광/동구청,https://tour.gwangju.go.kr/home/tour/mytour/open.cs?act=view&courseId=64&m=300&pageIndex=51&searchCondition=&searchKeyword=,웹 검증,A,광주관광이 음식의 거리로 명시하고 주소·관리기관을 제공.,특정 음식 직접 매칭 가능,Y,지산동 691-67 인근,대표 권역 포인트,https://tour.gwangju.go.kr/home/tour/mytour/open.cs?act=view&courseId=74&m=300&pageIndex=52&searchCondition=&searchKeyword=,A,대표부근 표시용 좌표: 공식 위치 확인 + 대표부근 좌표
광주,북구,유동오리탕거리(오리요리의거리),오리탕,"오리탕,오리요리",음식거리,광주 명물음식 오리탕 전문업소가 밀집된 대표거리,광주광역시 북구 경양로87번길 8-5,35.16126499,126.9056156,12.0,2003.0,기존 데이터,기존,광주광역시 북구청,,광주광역시_북구_지역특화거리_20251128 (1).csv,A,기존 공공 지역특화거리 원자료의 오리요리의거리. 사용자 입력 매칭은 대표 메뉴인 오리탕으로 정규화.,특정 음식 직접 매칭 가능,Y,유동·신안동 경양로 일대,공식 대표주소+거리권역,https://tour.gwangju.go.kr/home/tour/info/village/003.cs?act=view&infoId=696,A+,광주관광 공식 음식의 거리 페이지 대표주소로 보정.
전남,강진군,병영 돼지불고기거리,돼지불고기,"돼지불고기,병영돼지불고기",남도음식거리,강진 병영면 돼지불고기 특화 음식거리,전라남도 강진군 병영면 삼인리 316-1 부근,34.7138,126.8164,,,운영,신규,전라남도,https://www.남도음식명가.kr,웹 검증,A+,전라남도 남도음식거리 공식 지정 목록에 포함.,특정 음식 직접 매칭 가능,Y,병영서가네 식당~세류교 약 350m 구간,대표 권역 포인트,https://www.yna.co.kr/view/AKR20201228050100054,A,대표부근 표시용 좌표: 사용자 지정 대표권역 · 병영면 삼인리 부근
전남,고흥군,나로도삼치거리,삼치,"삼치,삼치회,삼치구이",음식거리,나로도 일대 삼치 전문 음식거리,전라남도 고흥군 봉래면 나로도항 부근,34.464867,127.4536834,,,운영,신규,고흥군청,https://www.goheung.go.kr/index.do,웹 재검증,A+,"고흥군 공식 홈페이지에서 나로도에 삼치거리가 조성되어 있음을 확인했고, 2026년 군 예산에도 나로도삼치거리 전기요금 항목이 확인됨.",특정 음식 직접 매칭 가능,Y,나로도항 일원,대표 권역 포인트,https://www.facebook.com/goheunggun/posts/,A,대표부근 표시용 좌표: 사용자 지정 대표권역 · 나로도항 부근
전남,고흥군,녹동장어거리,장어,"장어,장어구이,장어탕,붕장어,갯장어",음식거리,녹동구항 음식거리 일부를 유럽풍의 옥외음식 영업가능 거리로 조성,전라남도 고흥군 도양읍 비봉로 177,34.5256702381,127.1357485953,12.0,2017.0,기존 데이터,기존,고흥군청,https://www.goheung.go.kr/index.do,전라남도_고흥군_지역특화거리_20231207.csv,A+,고흥군 공식 홈페이지에서 녹동항 일원 녹동장어거리와 장어전문점 밀집을 확인. 2026년 예산에도 남도음식거리(녹동장어거리) 유지 확인.,특정 음식 직접 매칭 가능,Y,전라남도 고흥군 도양읍 비봉로 177,공공데이터 대표주소,전라남도_고흥군_지역특화거리_20231207.csv,A,공공 지역특화거리 원자료 대표주소·좌표
전남,곡성군,압록 참게·은어거리,참게매운탕,"참게,참게매운탕,은어,은어회",남도음식거리,섬진강 압록 일대 참게·은어 전문 음식거리,전라남도 곡성군 오곡면 압록리 섬진강 부근,35.1964348,127.3735115,,,운영,신규,곡성군/전라남도,https://www.gokseong.go.kr/tour/amusement/eatery/amnok_street,웹 검증,A+,"곡성군 문화관광에서 별도 음식거리로 운영, 남도음식거리 지정.",특정 음식 직접 매칭 가능,Y,오곡면·죽곡면 섬진강로~압록유원지~대황강로 일대,대표 권역 포인트,https://www.gokseong.go.kr/tour/amusement/eatery/amnok_street,A+,대표부근 표시용 좌표: 사용자 지정 대표권역 · 압록리 섬진강 부근
전남,광양시,광양불고기 특화거리,광양불고기,"광양불고기,불고기",음식거리,광양숯불구이 축제가 열리는 서천변 일대 특화거리,전라남도 광양시 서천1길,34.96947056,127.579099,48.0,2011.0,기존 데이터,기존,전라남도 광양시청,,전라남도_광양시_지역특화거리_20260612 (1).csv,A,기존 공공 지역특화거리 원자료. 신규 웹 검증 대상 아님.,특정 음식 직접 매칭 가능,Y,전라남도 광양시 서천1길,공공데이터 대표주소,전라남도_광양시_지역특화거리_20260612 (1).csv,A,공공 지역특화거리 원자료 대표주소·좌표
전남,구례군,화엄 자연밥상 음식거리,산채정식,"산채정식,버섯전골",남도음식거리,화엄사 입구 지리산 식재료 기반 자연밥상 음식거리,전라남도 구례군 마산면 화엄사 상가 부근,35.2428937,127.4876202,16.0,2025.0,조성,신규,전라남도,https://governor.jeonnam.go.kr/M7116/boardView.do?displayHeader=&infoReturn=&menuId=jeonnam0202000000&pageIndex=18&searchText=&searchType=&seq=1959228,웹 검증,A+,2025년 전라남도 남도음식거리 신규 선정. 공식 도청 보도자료 검색 결과로 확인.,특정 음식 직접 매칭 가능,Y,마산면 화엄사 입구 음식점 밀집구간,대표 권역 포인트,https://governor.jeonnam.go.kr/M7116/boardView.do?displayHeader=&infoReturn=&menuId=jeonnam0202000000&pageIndex=18&searchText=&searchType=&seq=1959228,A+,대표부근 표시용 좌표: 사용자 지정 대표권역 · 화엄사 상가지구 부근
전남,나주시,구진포 장어거리,장어구이,"장어,장어구이,장어요리",맛거리,나주 3대 맛거리 중 장어 특화거리,전라남도 나주시 다시면 구진포로 58 부근,35.0064691,126.6723063,,,운영,신규,나주시 문화관광,https://www.namdokorea.com/tour/info/area/areaList.do?area=AREA_NAJU&category1=food&menuCd=T002001004,웹 검증,A,전남 공식 관광 및 나주시 3대 맛거리에서 확인.,특정 음식 직접 매칭 가능,Y,다시면 구진포 영산강변 음식거리,대표 권역 포인트,https://www.namdokorea.com/tour/info/area/areaList.do?area=AREA_NAJU&category1=food&menuCd=T002001004,A+,대표부근 표시용 좌표: 사용자 지정 대표권역 · 구진포로 58 부근
전남,나주시,나주곰탕거리,나주곰탕,"나주곰탕,곰탕",맛거리,나주 3대 맛거리 중 곰탕 특화거리,전라남도 나주시 금성관길 8 일원,35.033273,126.7166164,,,운영,신규,나주시 문화관광,https://www.naju.go.kr/tour/food/taste_road,웹 검증,A,나주시가 나주3대 맛거리로 공식 운영.,특정 음식 직접 매칭 가능,Y,금성관 주변 곰탕거리,대표 권역 포인트,https://www.naju.go.kr/tour/food/taste_road,A,대표부근 표시용 좌표: 금성관 주변 곰탕거리 대표부근 좌표
전남,나주시,영산포 홍어거리,홍어,"홍어,숙성홍어,홍어삼합",남도음식거리,나주 3대 맛거리 및 남도음식거리,전라남도 나주시 영산포로 205-7 일원,34.9997155,126.7102035,,2023.0,운영,신규,나주시/전라남도,https://www.naju.go.kr/tour/food/restaurant/korean?idx=451&mode=view,웹 검증,A+,나주시 3대 맛거리이며 2023년 남도음식거리 선정·조성.,특정 음식 직접 매칭 가능,Y,영산포 홍어 음식점 밀집구간,대표 권역 포인트,https://www.namdokorea.com/tour/info/area/areaList.do?area=AREA_NAJU&category1=food&menuCd=T002001004,A+,대표부근 표시용 좌표: 영산포 홍어거리 대표부근 좌표
전남,담양군,담양 국수거리,국수,"국수,멸치국수,비빔국수",음식거리,관방제림 인근 국수 전문점 밀집 거리,전라남도 담양군 담양읍 객사리 부근,35.3235969,126.9833537,,,운영,신규,담양군 문화관광,https://www.damyang.go.kr/menu/goToContentsPage?contentsSid=388&domainId=DOM_0000003&menuCd=DOM_000000305003004000,웹 검증,A,담양군 공식 문화관광 테마별 먹거리촌에 수록.,특정 음식 직접 매칭 가능,Y,관방제림 인근 영산강변 국수거리,대표 권역 포인트,https://m.tripinfo.co.kr/info.html?content_id=2789367&content_type_id=12,B+,대표부근 표시용 좌표: 사용자 지정 대표권역 · 객사리 국수거리 부근
전남,담양군,죽순푸드빌리지,죽순요리,"죽순,죽순요리",먹거리촌,담양 죽순을 주제로 한 먹거리 권역,전라남도 담양군 담양읍 향교길 부근,35.325,126.9878,,,운영,신규,담양군 문화관광,https://www.damyang.go.kr/menu/goToContentsPage?contentsSid=388&domainId=DOM_0000003&menuCd=DOM_000000305003004000,웹 검증,A,담양군 공식 문화관광 테마별 먹거리촌에 수록.,특정 음식 직접 매칭 가능,Y,죽녹원 인접 음식점 밀집구간,대표 권역 포인트,https://www.damyang.go.kr/menu/goToContentsPage?contentsSid=388&domainId=DOM_0000003&menuCd=DOM_000000305003004000,A,대표부근 표시용 좌표: 사용자 지정 대표권역 · 향교길/죽녹원 인접권역
전남,담양군,창평국밥거리,국밥,"국밥,창평국밥",남도음식거리,창평 지역 국밥 전문 음식거리,전라남도 담양군 창평면 사동길 12-12 일원,35.2385168,127.0144031,,,운영,신규,전라남도/담양군,https://namdokorea.com/tour/info/area/areaList.do?area=AREA_DAMYANG&infoId=0000012646&menuCd=T002001006,웹 검증,A+,전라남도 남도음식거리 사업 대상이며 전남 공식 관광에 개별 페이지 존재.,특정 음식 직접 매칭 가능,Y,창평시장 주변 사동길 12·13·14번길,대표 권역 포인트,https://namdokorea.com/tour/info/area/areaList.do?area=AREA_DAMYANG&infoId=0000012646&menuCd=T002001006,A+,대표부근 표시용 좌표: 창평시장·국밥거리 대표부근 좌표
전남,목포시,민어의 거리,민어,"민어,민어회,민어요리",음식거리,목포 중앙동 민어 전문점 밀집 거리,전라남도 목포시 대의동2가 3-16 부근,34.7862652,126.3842897,,,운영,신규,목포시 문화관광,https://www.mokpo.go.kr/tour/attraction/area?idx=80187&mode=view,웹 검증,A-,목포시 공식 관광 음식점 페이지에서 중앙동 민어의 거리 위치를 반복 확인. 별도 거리 소개 페이지는 확인되지 않아 A-.,특정 음식 직접 매칭 가능,Y,중앙동 번화로 일대,대표 권역 포인트,https://www.mokpo.go.kr/tour/amusement/ninefood/croaker,A-,대표부근 표시용 좌표: 사용자 지정 대표권역 · 목포 민어의 거리 부근
전남,무안군,무안뻘낙지거리,낙지,"낙지,세발낙지,낙지탕탕이,낙지비빔밥,낙지볶음,낙지연포탕",음식거리,"무안 세발낙지는 갯벌과 황토가 어우러진 환경에서 자라 영양도 좋고 육질이 쫄깃하고 맛이 깊습니다. 무안뻘낙지거리에는 다양한 낙지 요리 전문점이 모여 있어, 낙지탕탕이, 낙지비빔밥, 낙지볶음, 낙지연포탕 등 다채로운 낙지 요리를 맛볼 수 있습니다. 싱싱한 낙지의 풍미를 제대로 느낄 수 있는 곳, 남도의 깊은 맛을 경험하고 싶다면 무안뻘낙지거리로 오세요.",전라남도 무안군 무안읍 뻘낙지길·성남1길 일원,34.98731526,126.4771641,20.0,2018.0,기존 데이터,기존,무안군보건소,,전라남도_무안군_지역특화거리_20260410.csv,A,기존 공공 지역특화거리 원자료. 신규 웹 검증 대상 아님.,특정 음식 직접 매칭 가능,Y,무안읍 뻘낙지길 26-17~34 및 성남1길 156-1~172 일대,복수 도로 음식거리,https://m.xn--o39a81gi2cv0je9ktug.kr/myboard/myboard1/607242,A+,남도음식거리 공식 음식점 현황 주소 분포를 기반으로 거리 범위 보정.
전남,보성군,벌교 꼬막거리,꼬막,"꼬막,꼬막정식,꼬막요리",남도음식거리,벌교 꼬막을 대표 메뉴로 한 남도음식거리,전라남도 보성군 벌교읍 부근,34.85167,127.3362,,,운영,신규,전라남도,https://www.남도음식명가.kr,웹 검증,A+,전라남도 남도음식거리 공식 지정 목록에 포함.,특정 음식 직접 매칭 가능,Y,벌교읍내 꼬막정식 전문점 밀집구간,대표 권역 포인트,https://korean.visitkorea.or.kr/detail/rem_detail.do?cotid=5f1681fc-b976-48d3-8e65-86ddc7993a9a,A-,대표부근 표시용 좌표: 사용자 지정 대표권역 · 벌교읍 꼬막거리 권역
전남,순천시,순천 곱창골목,곱창,"곱창,곱창구이",음식골목,순천 지역 곱창 전문 음식골목,전라남도 순천시 남내동 69 부근,34.9538033,127.4846299,,,운영,신규,순천시,https://www.sc.go.kr/traver/tour/0013/0004/,웹 검증,A,순천시 공식 관광 메뉴의 권역별 음식거리로 확인.,특정 음식 직접 매칭 가능,Y,별미길 5~20 및 황금1길 인근,대표 권역 포인트,https://www.suncheon.go.kr/stay/0006/0003/0004/,A+,대표부근 표시용 좌표: 사용자 지정 대표권역 · 순천 곱창골목 부근
전남,순천시,순천 웃장국밥거리,국밥,"국밥,돼지국밥,수육",남도음식거리,웃장 일대 국밥 전문 음식거리,전라남도 순천시 동외동 웃장 일원,34.9588493,127.4851874,,,운영,신규,순천시/전라남도,https://www.sc.go.kr/traver/tour/0013/0004/,웹 검증,A+,순천시 공식 관광에서 권역별 음식거리로 확인되며 남도음식거리 지정.,특정 음식 직접 매칭 가능,Y,순천 웃장 내·주변 국밥점 밀집구간,대표 권역 포인트,https://www.sc.go.kr/traver/tour/0013/0004/,A,대표부근 표시용 좌표: 순천 웃장 대표부근 좌표
전남,순천시,청소골닭구이거리,닭구이,닭구이,음식거리,청소골 닭구이 음식점 밀집 거리,전라남도 순천시 서면 청소골 계곡 부근,35.0205,127.5075,,,운영,신규,순천시,https://www.sc.go.kr/traver/tour/0013/0004/,웹 검증,A,순천시 공식 관광 메뉴의 권역별 음식거리로 확인.,특정 음식 직접 매칭 가능,Y,청소골 닭구이 전문점 밀집권역,대표 권역 포인트,https://www.sc.go.kr/traver/tour/0013/0004/,A-,대표부근 표시용 좌표: 사용자 지정 대표권역 · 청소골 계곡/청소길 권역
전남,신안군,신안 섬뻘낙지 남도음식거리,낙지,"낙지,갯벌낙지,섬뻘낙지",남도음식거리,신안 섬 갯벌 낙지 특화 음식거리,전라남도 신안군 압해읍 송공항 부근,34.85,126.2333,,,운영,신규,전라남도,https://www.남도음식명가.kr,웹 검증,A+,전라남도 남도음식거리 공식 지정 목록에 포함.,특정 음식 직접 매칭 가능,Y,압해읍 송공항 주변,대표 권역 포인트,https://www.xn--o39a81gi2cv0je9ktug.kr/shop_contents/myboard_read.htm?category_idx=37555&idx=607450&myboard_code=myboard1&page=1,A+,대표부근 표시용 좌표: 사용자 지정 대표권역 · 압해 송공항 부근
전남,여수시,국동 장어탕 횟집거리,장어탕,"장어탕,장어",음식거리,장어탕 횟집 특화음식,전라남도 여수시 어항단지로 13,34.725235,127.7128137,8.0,2009.0,기존 데이터,기존,전라남도 여수시청,,전라남도_여수시_지역특화거리_20250416.csv,A,기존 공공 지역특화거리 원자료. 신규 웹 검증 대상 아님.,특정 음식 직접 매칭 가능,Y,전라남도 여수시 어항단지로 13,공공데이터 대표주소,전라남도_여수시_지역특화거리_20250416.csv,A,공공 지역특화거리 원자료 대표주소·좌표
전남,여수시,덕양 곱창거리,곱창,"곱창,막창,곱창구이,막창구이",음식거리,곱창 막창구이 특화음식,전라남도 여수시 소라면 하세동길 8-1,34.7978101813,127.6316832973,14.0,2020.0,기존 데이터,기존,전라남도 여수시청,,전라남도_여수시_지역특화거리_20250416.csv,A,기존 공공 지역특화거리 원자료. 신규 웹 검증 대상 아님.,특정 음식 직접 매칭 가능,Y,전라남도 여수시 소라면 하세동길 8-1,공공데이터 대표주소,전라남도_여수시_지역특화거리_20250416.csv,A,공공 지역특화거리 원자료 대표주소·좌표
전남,여수시,봉산동 게장백반거리,게장백반,"게장백반,간장게장,양념게장,게장",음식거리,간장게장 양념게장 특화음식,전라남도 여수시 봉산남4길 12,34.732763,127.7199388863,11.0,2009.0,기존 데이터,기존,전라남도 여수시청,,전라남도_여수시_지역특화거리_20250416.csv,A,기존 공공 지역특화거리 원자료. 신규 웹 검증 대상 아님.,특정 음식 직접 매칭 가능,Y,전라남도 여수시 봉산남4길 12,공공데이터 대표주소,전라남도_여수시_지역특화거리_20250416.csv,A,공공 지역특화거리 원자료 대표주소·좌표
전남,여수시,좌수영 음식문화거리,서대회,"서대회,장어탕",음식거리,장어탕 서대회 특화음식,전라남도 여수시 중앙로 72-16,34.739714,127.735486,35.0,2020.0,기존 데이터,기존,전라남도 여수시청,,전라남도_여수시_지역특화거리_20250416.csv,A,기존 공공 지역특화거리 원자료. 신규 웹 검증 대상 아님.,특정 음식 직접 매칭 가능,Y,전라남도 여수시 중앙로 72-16,공공데이터 대표주소,전라남도_여수시_지역특화거리_20250416.csv,A,공공 지역특화거리 원자료 대표주소·좌표
전남,여수시,해양공원 해물삼합거리,해물삼합,해물삼합,음식거리,해물삼합 특화음식,전라남도 여수시 이순신광장로 137,34.737881,127.7390644727,61.0,2020.0,기존 데이터,기존,전라남도 여수시청,,전라남도_여수시_지역특화거리_20250416.csv,A,기존 공공 지역특화거리 원자료. 신규 웹 검증 대상 아님.,특정 음식 직접 매칭 가능,Y,전라남도 여수시 이순신광장로 137,공공데이터 대표주소,전라남도_여수시_지역특화거리_20250416.csv,A,공공 지역특화거리 원자료 대표주소·좌표
전남,영광군,영광 법성포 굴비거리,굴비,"굴비,영광굴비,법성포굴비",음식거리,굴비 식당과 판매점이 있는 거리,전라남도 영광군 법성면 굴비로,35.359484,126.445767,352.0,2021.0,기존 데이터,기존,전라남도 영광군청,,전라남도_영광군_지역특화거리_20251128.csv,A,기존 공공 지역특화거리 원자료. 신규 웹 검증 대상 아님.,특정 음식 직접 매칭 가능,Y,전라남도 영광군 법성면 굴비로,공공데이터 대표주소,전라남도_영광군_지역특화거리_20251128.csv,A,공공 지역특화거리 원자료 대표주소·좌표
전남,영암군,기품 독천낙지거리,낙지,"낙지,갈낙탕,낙지초무침",남도음식거리,독천5일시장 인근 낙지·한우 음식거리,전라남도 영암군 학산면 독천5일시장 부근,34.72469,126.5674,,2025.0,조성,신규,전라남도,https://governor.jeonnam.go.kr/M7116/boardView.do?displayHeader=&infoReturn=&menuId=jeonnam0202000000&pageIndex=18&searchText=&searchType=&seq=1959228,웹 검증,A+,2025년 전라남도 남도음식거리 신규 선정. 공식 도청 보도자료 검색 결과로 확인.,특정 음식 직접 매칭 가능,Y,독천5일시장 인근 낙지 음식점 밀집구간,대표 권역 포인트,https://namdokorea.com/tour/info/area/areaList.do?area=AREA_YEONGAM&category1=food&menuCd=T002001015,A+,대표부근 표시용 좌표: 사용자 지정 대표권역 · 독천5일시장/낙지거리 권역
전남,완도군,완도전복거리,전복,"전복,전복요리,전복코스요리",음식거리,완도를 대표하는 음식점이 모여있는 거리로 주로 생선회 및 전복요리를 판매하고 있으며 완도를 찾은 관광객이 가장 많이 방문하는 음식특화거리임,전라남도 완도군 완도읍 해변공원로 124번길,34.324519,126.748446,25.0,2003.0,기존 데이터,기존,완도군 문화관광,https://www.wando.go.kr/tour/sub.cs?m=52,전라남도_완도군_지역특화거리_20240814.csv,A+,기존 음식특화거리와 같은 완도읍 해변공원로124번길 권역. 완도군 문화관광이 현재 '완도전복거리'로 공식 안내하여 명칭과 대표음식을 정규화.,특정 음식 직접 매칭 가능,Y,전라남도 완도군 완도읍 해변공원로 124번길,공공데이터 대표주소,전라남도_완도군_지역특화거리_20240814.csv,A,공공 지역특화거리 원자료 대표주소·좌표
전남,장성군,장성호 미락단지,메기탕,"메기탕,메기찜,빠가탕,민물고기",음식거리,"장성호 하류의 미락단지는 조선시대부터 민물고기 전문요리가 이어져 왔으며 메기탕, 메기찜, 빠가탕 등이 유명하다",전라남도 장성군 장성읍 미락단지길,35.343484,126.816809,13.0,2000.0,기존 데이터,기존,전라남도 장성군청,,전라남도_장성군_지역특화거리_20240602.csv,A,기존 공공 지역특화거리 원자료. 신규 웹 검증 대상 아님.,특정 음식 직접 매칭 가능,Y,전라남도 장성군 장성읍 미락단지길,공공데이터 대표주소,전라남도_장성군_지역특화거리_20240602.csv,A,공공 지역특화거리 원자료 대표주소·좌표
전남,장흥군,장흥 바지락·키조개 음식거리,키조개,"키조개,바지락,한우삼합",남도음식거리,장흥 키조개·바지락 중심 음식거리,전라남도 장흥군 안양면 수문리 수문해수욕장 부근,34.6505,127.0355,,,운영,신규,전라남도,https://www.남도음식명가.kr,웹 검증,A+,전라남도 남도음식거리 공식 지정 목록에 포함.,특정 음식 직접 매칭 가능,Y,안양면 수문리 일대,대표 권역 포인트,https://www.xn--o39a81gi2cv0je9ktug.kr/shop_contents/myboard_read.htm?category_idx=37545&idx=606962&myboard_code=myboard1&page=1,A+,대표부근 표시용 좌표: 사용자 지정 대표권역 · 수문해수욕장/수문마을 권역
전남,장흥군,정남진 장흥토요시장 한우특화거리,한우,"한우,장흥한우,한우삼합",음식거리,정남진 장흥토요시장 내 한우 판매·식당 특화구역,전라남도 장흥군 장흥읍 토요시장3길 15 부근,34.6761943,126.9029044,17.0,,운영,신규,장흥군청,https://www.jangheung.go.kr/jnjmarket/shopping/area/cattle,웹 검증,A,장흥군 공식 토요시장 사이트에서 한우특화거리 및 17개 업소 확인.,특정 음식 직접 매칭 가능,Y,정남진 장흥토요시장 내 한우판매·식당 구간,대표 권역 포인트,https://www.jangheung.go.kr/jnjmarket/shopping/area/cattle?idx=722&mode=view,A+,대표부근 표시용 좌표: 사용자 지정 대표권역 · 정남진 장흥토요시장 권역
전남,진도군,진도서촌 간재미거리,간재미,"간재미,간재미회,간재미무침,간재미매운탕,간재미찜",남도음식거리,진도읍 쌍정2길·남동1길 일원 간재미 음식거리,전라남도 진도군 진도읍 남동1길 및 쌍정2길 부근,34.4817848,126.261161,,2024.0,조성/운영,신규,진도군/전라남도,https://www.jindo.go.kr/home/board/B0016.cs?act=read&articleId=152559&categoryId=3&m=626&pageIndex=10&searchCondition=&searchKeyword=,웹 검증,A+,진도군 공식 보도자료에서 2024 남도음식거리 공모 선정과 대상 구간 직접 확인.,특정 음식 직접 매칭 가능,Y,"쌍정2길 25~42-1, 남동1길 55~57-8 일대",대표 권역 포인트,https://m.xn--o39a81gi2cv0je9ktug.kr/shop_contents/myboard_read.htm?category_idx=40786&idx=3107351&myboard_code=myboard1&page=1,A+,대표부근 표시용 좌표: 사용자 지정 대표권역 · 남동1길·쌍정2길 권역
전남,함평군,함평천지 한우비빔밥 음식테마거리,한우비빔밥,"한우비빔밥,비빔밥",음식거리,1900년 초부터 함평 우시장을 중심으로 발달해 온 한우비빔밥을 주메뉴로 한 식당이 밀집되어 있는 거리,전라남도 함평군 함평읍 시장길 부근,35.0644445,126.5206629,14.0,2014.0,기존 데이터,기존,전라남도 함평군청,,전라남도_함평군_지역특화거리_20250701.csv,A,기존 공공 지역특화거리 원자료. 신규 웹 검증 대상 아님.,특정 음식 직접 매칭 가능,Y,전라남도 함평군 함평읍 시장길(5일시장 내),대표 권역 포인트,전라남도_함평군_지역특화거리_20250701.csv,A,대표부근 표시용 좌표: 사용자 지정 대표권역 · 함평5일시장/시장길 권역
전남,해남군,해남 닭코스요리 남도음식거리,닭코스요리,"닭코스요리,닭회,닭구이,닭백숙",남도음식거리,해남 닭 한 마리를 코스로 즐기는 음식거리,전라남도 해남군 해남읍 연동리~삼산면 매정리 닭코스요리거리 부근,34.5498083,126.6175326,,,운영,신규,해남군/전라남도,https://www.haenam.go.kr/tour/,웹 검증,A+,해남군 문화관광이 남도음식거리 닭코스요리 메뉴를 별도 운영.,특정 음식 직접 매칭 가능,Y,고산로 옛길 중심 닭·오리 요리촌,대표 권역 포인트,https://m.xn--o39a81gi2cv0je9ktug.kr/myboard/myboard1/606964,A+,대표부근 표시용 좌표: 사용자 지정 대표권역 · 해남 닭코스요리거리/고산로 권역
